Dataset,Model,Accuracy,Recall,F1 Score,Precision,AUC
CTC_gene_data,CanCellCap,0.9495798319327731,0.9420289855072463,0.9509291550347752,0.9558852227110209,0.9712381463589194
